TimeStamp	TMP	Permeability	Permeability TC	dP module	dP module TC	dP module TC abs	Flux	Vcrossflow	Recovery	Active program number	Mem. retention	Sys. retention	00-FIT-01	01-FIT-01	01-FIT-02	01-FIT-03	01-PIT-01	01-PIT-02	01-PIT-03	00-LT-01	02-LT-01	00-QIT-01	00-QIT-02	01-QIT-01	01-QIT-02	01-TIT-01	01-TIT-02	00-P-01	Power_00-P-01	00-FC-01	00-FC-02	01-P-01	Power_01-P-01	01-FC-01	02-P-01	02-FC-01	02-FC-02	02-FC-03	00-COV-01	00-SC-01	00-COV-02	00-SC-02	04-SC-01	01-HE-01	PV FIL DIR.	00-AV-01	00-AV-02	00-AV-03	00-AV-04	01-AV-01	01-AV-02	01-AV-03	01-AV-04	01-AV-06	01-AV-05	01-AV-07	01-AV-08	01-AV-09	01-AV-10	01-AV-11	01-AV-12	01-AV-13	01-AV-14	01-AV-15	03-AV-01	03-AV-02	03-AV-03	03-AV-04	03-AV-05	Total permeate	Total permeate BW	Total feed	PV used perm dosing	Net recovery	Specific_power	Filtration timer	Chemical timer
2026-02-13 07:40:30 50	3.84	5.26	7.99	0.45	0.29	0.29	20.2	0.2	85.3	10	41.57	20.41	1.18	4.42	1.01	0.17	4.135	3.849	0.16	97	107	8.86	0.833	1.135	0.663	4.97	5.44	1	0.16	50.3	0	1	-0.04	4	0	50	47.7	49.7	0	0	0	9.6	0.6	0	1	0	0	0	0	1	0	0	1	0	1	0	0	0	0	0	0	1	0	1	0	0	0	0	0	31	-0.4	39.2	0.1	80	0.11	32.2631700616667	30.7966432419167
2026-02-13 07:40:35 51	3.84	5.25	7.98	0.45	0.29	0.29	20.1	0.2	85.3	10	41.57	20.41	1.18	4.44	1.01	0.17	4.137	3.85	0.16	97	107	8.86	0.833	1.135	0.663	4.97	5.44	1	0.16	50.3	0	1	-0.04	4	0	50	47.7	49.7	0	0	0	9.8	0.6	0	1	0	0	0	0	1	0	0	1	0	1	0	0	0	0	0	0	1	0	1	0	0	0	0	0	31	-0.4	39.2	0.1	80	0.11	32.34666147	30.7980347652778
2026-02-13 07:40:40 52	3.84	5.25	7.98	0.45	0.3	0.3	20.2	0.2	85.3	10	41.57	20.41	1.18	4.44	1.01	0.17	4.14	3.852	0.16	97	107	8.86	0.833	1.135	0.663	4.97	5.44	1	0.16	50.3	0	1	-0.04	3.9	0	50	47.7	49.7	0	0	0	10	0.6	0	1	0	0	0	0	1	0	0	1	0	1	0	0	0	0	0	0	1	0	1	0	0	0	0	0	31	-0.4	39.2	0.1	80	0.11	32.4301072216667	30.7994255280556
2026-02-13 07:40:45 52	3.84	5.25	7.98	0.45	0.29	0.29	20.2	0.2	85.3	10	41.57	20.41	1.18	4.43	1.01	0.17	4.132	3.847	0.16	97	107	8.86	0.833	1.135	0.663	4.97	5.44	1	0.16	50.3	0	1	-0.04	3.9	0	50	47.7	49.7	0	0	0	10.1	0.6	0	1	0	0	0	0	1	0	0	1	0	1	0	0	0	0	0	0	1	0	1	0	0	0	0	0	31	-0.4	39.2	0.1	80	0.11	32.5134478466667	30.80081453925
2026-02-13 07:40:50 53	3.84	5.25	7.98	0.45	0.29	0.29	20.2	0.2	85.3	10	41.59	20.41	1.18	4.44	1.01	0.17	4.136	3.849	0.16	97	107	8.86	0.833	1.135	0.663	4.98	5.44	1	0.16	50.3	0	1	-0.04	4	0	50	47.7	49.7	0	0	0	10.3	0.6	0	1	0	0	0	0	1	0	0	1	0	1	0	0	0	0	0	0	1	0	1	0	0	0	0	0	31	-0.4	39.2	0.1	80	0.11	32.5970049083333	30.80220715675
2026-02-13 07:40:55 54	3.84	5.25	7.98	0.45	0.29	0.29	20.2	0.2	85.3	10	41.59	20.41	1.18	4.45	1.01	0.17	4.137	3.85	0.16	97	107	8.86	0.833	1.135	0.663	4.98	5.44	1	0.16	50.3	0	1	-0.04	4	0	50	47.7	49.7	0	0	0	10.5	0.6	0	1	0	0	0	0	1	0	0	1	0	1	0	0	0	0	0	0	1	0	1	0	0	0	0	0	31	-0.4	39.2	0.1	80	0.11	32.6804422833333	30.8035977796667
2026-02-13 07:41:00 56	3.84	5.26	7.99	0.45	0.29	0.29	20.2	0.2	85.3	10	41.59	20.41	1.18	4.42	1.01	0.17	4.134	3.846	0.16	96	107	8.86	0.833	1.135	0.663	4.98	5.44	1	0.16	50.3	0	1	-0.04	4	0	50	47.7	49.7	0	0	0	10.7	0.6	0	1	0	0	0	0	1	0	0	1	0	1	0	0	0	0	0	0	1	0	1	0	0	0	0	0	31	-0.4	39.2	0.1	80	0.11	32.7640869583333	30.8049918575278
2026-02-13 07:41:05 55	3.84	5.25	7.97	0.45	0.29	0.29	20.2	0.2	85.3	10	41.59	20.41	1.18	4.44	1.01	0.17	4.136	3.849	0.16	96	107	8.86	0.833	1.135	0.663	4.98	5.44	1	0.16	50.3	0	1	-0.04	4	0	50	47.7	49.7	0	0	0	10.9	0.6	0	1	0	0	0	0	1	0	0	1	0	1	0	0	0	0	0	0	1	0	1	0	0	0	0	0	31	-0.4	39.2	0.1	80	0.11	32.84732921	30.8063792273611
2026-02-13 07:41:10 56	3.84	5.25	7.97	0.45	0.29	0.29	20.2	0.2	85.3	10	41.59	20.41	1.18	4.44	1.01	0.17	4.135	3.849	0.16	97	107	8.87	0.833	1.135	0.663	4.98	5.44	1	0.16	50.3	0	1	-0.04	3.9	0	50	47.7	49.7	0	0	0	11.1	0.6	0	1	0	0	0	0	1	0	0	1	0	1	0	0	0	0	0	0	1	0	1	0	0	0	0	0	31	-0.4	39.2	0.1	80	0.11	32.930743235	30.8077694613889
2026-02-13 07:41:15 57	3.84	5.26	7.98	0.45	0.29	0.29	20.2	0.2	85.3	10	41.59	20.41	1.18	4.43	1.01	0.17	4.134	3.848	0.16	96	107	8.87	0.833	1.135	0.663	4.98	5.44	1	0.16	50.3	0	1	-0.04	3.9	0	50	47.7	49.7	0	0	0	11.3	0.6	0	1	0	0	0	0	1	0	0	1	0	1	0	0	0	0	0	0	1	0	1	0	0	0	0	0	31	-0.4	39.2	0.1	80	0.11	33.014260915	30.8091614235833
2026-02-13 07:41:20 57	3.83	5.26	7.98	0.45	0.29	0.29	20.1	0.2	84.3	10	41.59	20.41	1.19	4.44	1.01	0.19	4.125	3.838	0.16	97	107	8.87	0.833	1.135	0.663	4.98	5.44	1	0.16	50.1	0	1	-0.04	3.9	0	50	47.7	49.7	0	0	0	11	0.6	0	1	0	0	0	0	1	0	0	1	0	1	0	0	0	0	0	0	1	0	1	0	0	0	0	0	31	-0.4	39.2	0.1	80	0.11	33.09769255	30.8105519505556
2026-02-13 07:41:25 58	3.82	5.25	7.97	0.45	0.29	0.29	20	0.2	84.2	10	41.59	20.41	1.18	4.44	1	0.19	4.111	3.824	0.16	97	107	8.87	0.833	1.135	0.663	4.98	5.44	1	0.16	49.8	0	1	-0.04	4	0	50	47.7	49.7	0	0	0	10.2	0.6	0	1	0	0	0	0	1	0	0	1	0	1	0	0	0	0	0	0	1	0	1	0	0	0	0	0	31	-0.4	39.2	0.1	80	0.11	33.1811265333333	30.8119425170278
2026-02-13 07:41:30 59	3.81	5.25	7.97	0.44	0.29	0.29	20	0.2	84.1	10	41.59	20.41	1.18	4.44	1	0.19	4.094	3.812	0.16	97	107	8.87	0.833	1.135	0.663	4.98	5.44	1	0.16	49.6	0	1	-0.04	3.9	0	50	47.7	49.7	0	0	0	9.5	0.6	0	1	0	0	0	0	1	0	0	1	0	1	0	0	0	0	0	0	1	0	1	0	0	0	0	0	31	-0.4	39.2	0.1	80	0.11	33.2645575416667	30.8133330333333
2026-02-13 07:41:35 59	3.8	5.25	7.97	0.45	0.29	0.29	19.9	0.2	84.1	10	41.59	20.41	1.18	4.44	1	0.19	4.094	3.808	0.16	96	107	8.87	0.833	1.135	0.663	4.98	5.44	1	0.16	49.5	0	1	-0.04	3.9	0	50	47.7	49.7	0	0	0	8.7	0.6	0	1	0	0	0	0	1	0	0	1	0	1	0	0	0	0	0	0	1	0	1	0	0	0	0	0	31	-0.4	39.2	0.1	80	0.11	33.3479543666667	30.8147229802222
2026-02-13 07:41:40 60	3.8	5.25	7.97	0.45	0.29	0.29	19.9	0.2	84.1	10	41.61	20.41	1.18	4.44	1	0.19	4.089	3.802	0.16	97	107	8.87	0.833	1.135	0.663	4.98	5.44	1	0.16	49.4	0	1	-0.04	3.9	0	50	47.7	49.7	0	0	0	7.9	0.6	0	1	0	0	0	0	1	0	0	1	0	1	0	0	0	0	0	0	1	0	1	0	0	0	0	0	31	-0.4	39.2	0.1	80	0.11	33.4314655733333	30.8161148331389
2026-02-13 07:41:45 61	3.79	5.26	7.98	0.45	0.29	0.29	19.9	0.2	84.1	10	41.64	20.48	1.18	4.43	1	0.19	4.085	3.799	0.16	96	107	8.86	0.834	1.136	0.663	4.98	5.44	1	0.16	49.4	0	1	-0.04	4	0	50	47.7	49.7	0	0	0	7.1	0.6	0	1	0	0	0	0	1	0	0	1	0	1	0	0	0	0	0	0	1	0	1	0	0	0	0	0	31	-0.4	39.2	0.1	80	0.11	33.5150448816667	30.8175078221389
2026-02-13 07:41:50 62	3.8	5.24	7.96	0.45	0.3	0.3	19.9	0.2	84.1	10	41.61	20.43	1.18	4.45	0.99	0.19	4.088	3.8	0.16	97	107	8.86	0.834	1.136	0.663	4.98	5.44	1	0.16	49.3	0	1	-0.04	3.9	0	50	47.7	49.7	0	0	0	6.4	0.6	0	1	0	0	0	0	1	0	0	1	0	1	0	0	0	0	0	0	1	0	1	0	0	0	0	0	31	-0.4	39.2	0.1	80	0.11	33.59842195	30.8188974408889
2026-02-13 07:41:55 64	3.79	5.26	7.99	0.45	0.3	0.3	19.9	0.2	84.1	10	41.64	20.48	1.18	4.44	1	0.19	4.079	3.791	0.16	96	107	8.86	0.834	1.136	0.663	4.98	5.44	1	0.16	49.3	0	1	-0.04	3.9	0	50	47.7	49.7	0	0	0	5.7	0.6	0	1	0	0	0	0	1	0	0	1	0	1	0	0	0	0	0	0	1	0	1	0	0	0	0	0	31	-0.4	39.2	0.1	80	0.11	33.682117325	30.8202923631944
2026-02-13 07:42:00 64	3.79	5.24	7.97	0.45	0.29	0.29	19.9	0.2	84.5	10	41.61	20.43	1.17	4.44	1	0.18	4.086	3.799	0.16	97	107	8.86	0.834	1.136	0.663	4.98	5.44	1	0.15	49.3	0	1	-0.04	3.9	0	50	47.7	49.7	0	0	0	5	0.6	0	1	0	0	0	0	1	0	0	1	0	1	0	0	0	0	0	0	1	0	1	0	0	0	0	0	31	-0.4	39.2	0.1	80	0.11	33.7655126383333	30.8216822846389
2026-02-13 07:42:05 65	3.8	5.25	7.98	0.45	0.3	0.3	20	0.2	85.2	10	41.64	20.48	1.17	4.44	1	0.17	4.098	3.809	0.16	97	107	8.86	0.834	1.136	0.663	4.98	5.44	1	0.15	49.6	0	1	-0.04	3.9	0	50	47.7	49.7	0	0	0	5.1	0.6	0	1	0	0	0	0	1	0	0	1	0	1	0	0	0	0	0	0	1	0	1	0	0	0	0	0	31	-0.4	39.2	0.1	80	0.11	33.84898534	30.8230734972778
2026-02-13 07:42:10 66	3.82	5.24	7.96	0.45	0.29	0.29	20	0.2	85.3	10	41.64	20.48	1.17	4.43	1	0.17	4.112	3.825	0.16	97	107	8.86	0.834	1.136	0.663	4.98	5.44	1	0.16	49.8	0	1	-0.04	3.9	0	50	47.7	49.7	0	0	0	5.3	0.6	0	1	0	0	0	0	1	0	0	1	0	1	0	0	0	0	0	0	1	0	1	0	0	0	0	0	31	-0.4	39.2	0.1	80	0.11	33.9324963283333	30.8244653471111
2026-02-13 07:42:15 66	3.82	5.26	7.98	0.45	0.29	0.29	20.1	0.2	85.3	10	41.61	20.43	1.17	4.44	1	0.17	4.117	3.831	0.16	97	107	8.86	0.834	1.136	0.663	4.98	5.44	1	0.16	50	0	1	-0.04	3.9	0	50	47.7	49.7	0	0	0	5.5	0.6	0	1	0	0	0	0	1	0	0	1	0	1	0	0	0	0	0	0	1	0	1	0	0	0	0	0	31	-0.4	39.2	0.1	80	0.11	34.0158307083333	30.8258542535278
2026-02-13 07:42:20 66	3.83	5.26	7.98	0.45	0.29	0.29	20.1	0.2	85.3	10	41.63	20.43	1.17	4.44	1.01	0.17	4.127	3.839	0.16	97	107	8.86	0.834	1.136	0.663	4.98	5.44	1	0.16	50.1	0	1	-0.04	3.9	0	50	47.7	49.7	0	0	0	5.7	0.6	0	1	0	0	0	0	1	0	0	1	0	1	0	0	0	0	0	0	1	0	1	0	0	0	0	0	31	-0.4	39.2	0.1	80	0.11	34.0992044616667	30.8272438159167
2026-02-13 07:42:25 67	3.84	5.24	7.96	0.45	0.3	0.3	20.1	0.2	85.3	10	41.61	20.43	1.18	4.43	1.01	0.17	4.134	3.845	0.16	97	107	8.86	0.834	1.136	0.663	4.99	5.44	1	0.16	50.2	0	1	-0.04	3.9	0	50	47.7	49.7	0	0	0	5.9	0.6	0	1	0	0	0	0	1	0	0	1	0	1	0	0	0	0	0	0	1	0	1	0	0	0	0	0	31	-0.4	39.2	0.1	80	0.11	34.18271687	30.8286356895556
2026-02-13 07:42:30 67	3.84	5.25	7.97	0.45	0.29	0.29	20.1	0.2	85.3	10	41.64	20.48	1.18	4.44	1.01	0.17	4.13	3.845	0.16	97	107	8.86	0.834	1.136	0.663	4.99	5.44	1	0.16	50.2	0	1	-0.04	3.9	0	50	47.7	49.7	0	0	0	6.1	0.6	0	1	0	0	0	0	1	0	0	1	0	1	0	0	0	0	0	0	1	0	1	0	0	0	0	0	31	-0.4	39.2	0.1	80	0.11	34.266052205	30.8300246110278
2026-02-13 07:42:35 68	3.84	5.25	7.97	0.45	0.29	0.29	20.2	0.2	85.3	10	41.64	20.48	1.18	4.44	1.01	0.17	4.137	3.85	0.16	97	107	8.86	0.834	1.136	0.663	4.99	5.44	1	0.16	50.2	0	1	-0.04	3.9	0	50	47.7	49.7	0	0	0	6.2	0.6	0	1	0	0	0	0	1	0	0	1	0	1	0	0	0	0	0	0	1	0	1	0	0	0	0	0	31	-0.4	39.2	0.1	80	0.11	34.3494119183333	30.8314139402778
2026-02-13 07:42:40 69	3.84	5.26	7.98	0.45	0.29	0.29	20.2	0.2	85.3	10	41.66	20.48	1.18	4.43	1.01	0.17	4.133	3.845	0.16	97	107	8.86	0.834	1.136	0.663	4.99	5.44	1	0.16	50.2	0	1	-0.04	4	0	50	47.7	49.7	0	0	0	6.4	0.6	0	1	0	0	0	0	1	0	0	1	0	1	0	0	0	0	0	0	1	0	1	0	0	0	0	0	31	-0.4	39.2	0.1	80	0.11	34.4329569466667	30.8328063575556
2026-02-13 07:42:45 69	3.84	5.25	7.98	0.45	0.29	0.29	20.2	0.2	85.3	10	41.61	20.43	1.18	4.44	1.01	0.17	4.134	3.848	0.16	97	107	8.86	0.834	1.136	0.663	4.99	5.44	1	0.16	50.2	0	1	-0.04	3.9	0	50	47.7	49.7	0	0	0	6.5	0.6	0	1	0	0	0	0	1	0	0	1	0	1	0	0	0	0	0	0	1	0	1	0	0	0	0	0	31	-0.4	39.2	0.1	80	0.11	34.5163058083333	30.8341955045278
2026-02-13 07:42:50 69	3.84	5.26	7.99	0.45	0.3	0.3	20.2	0.2	85.3	10	41.64	20.48	1.18	4.43	1.01	0.17	4.134	3.845	0.16	96	107	8.86	0.834	1.136	0.663	4.99	5.44	1	0.16	50.3	0	1	-0.04	4	0	50	47.7	49.7	0	0	0	6.7	0.6	0	1	0	0	0	0	1	0	0	1	0	1	0	0	0	0	0	0	1	0	1	0	0	0	0	0	31	-0.4	39.2	0.1	80	0.11	34.59971196	30.8355856076667
2026-02-13 07:42:55 70	3.84	5.25	7.97	0.45	0.29	0.29	20.2	0.2	85.3	10	41.61	20.43	1.18	4.43	1.01	0.17	4.134	3.847	0.16	96	107	8.86	0.834	1.136	0.663	4.99	5.44	1	0.16	50.3	0	1	-0.04	4	0	50	47.7	49.7	0	0	0	6.9	0.6	0	1	0	0	0	0	1	0	0	1	0	1	0	0	0	0	0	0	1	0	1	0	0	0	0	0	31	-0.4	39.2	0.1	80	0.11	34.6832086666667	30.8369772188889
2026-02-13 07:43:00 71	3.84	5.25	7.97	0.45	0.29	0.29	20.2	0.2	85.3	10	41.61	20.43	1.18	4.45	1.01	0.17	4.133	3.847	0.16	97	107	8.86	0.834	1.136	0.663	4.99	5.44	1	0.16	50.3	0	1	-0.04	4	0	50	47.7	49.7	0	0	0	7	0.6	0	1	0	0	0	0	1	0	0	1	0	1	0	0	0	0	0	0	1	0	1	0	0	0	0	0	31	-0.4	39.2	0.1	80	0.11	34.7665558633333	30.8383663391667
2026-02-13 07:43:05 71	3.84	5.25	7.97	0.45	0.29	0.29	20.1	0.2	85.3	10	41.61	20.43	1.18	4.43	1.01	0.17	4.133	3.847	0.16	97	107	8.86	0.834	1.136	0.663	4.99	5.44	1	0.16	50.3	0	1	-0.04	4	0	50	47.7	49.7	0	0	0	7.2	0.6	0	1	0	0	0	0	1	0	0	1	0	1	0	0	0	0	0	0	1	0	1	0	0	0	0	0	31	-0.4	39.2	0.1	80	0.11	34.849893515	30.8397552993056
2026-02-13 07:43:10 71	3.84	5.26	7.98	0.45	0.29	0.29	20.2	0.2	85.3	10	41.61	20.43	1.18	4.44	1.01	0.17	4.133	3.846	0.16	97	107	8.87	0.834	1.136	0.663	4.99	5.44	1	0.16	50.3	0	1	-0.04	4	0	50	47.7	49.7	0	0	0	7.4	0.6	0	1	0	0	0	0	1	0	0	1	0	1	0	0	0	0	0	0	1	0	1	0	0	0	0	0	31	-0.4	39.2	0.1	80	0.11	34.9333578666667	30.8411463725278
2026-02-13 07:43:15 71	3.84	5.25	7.97	0.45	0.29	0.29	20.2	0.2	85.3	10	41.65	20.43	1.18	4.45	1.01	0.17	4.135	3.849	0.16	97	107	8.86	0.834	1.137	0.663	4.99	5.44	1	0.16	50.3	0	1	-0.04	4	0	50	47.7	49.7	0	0	0	7.5	0.6	0	1	0	0	0	0	1	0	0	1	0	1	0	0	0	0	0	0	1	0	1	0	0	0	0	0	31	-0.4	39.2	0.1	80	0.11	35.0165722366667	30.84253327825
2026-02-13 07:43:20 71	3.84	5.25	7.98	0.45	0.3	0.3	20.2	0.2	85.3	10	41.7	20.43	1.18	4.44	1.01	0.17	4.134	3.845	0.16	97	107	8.86	0.834	1.138	0.663	4.99	5.44	1	0.16	50.3	0	1	-0.04	4	0	50	47.7	49.7	0	0	0	7.7	0.6	0	1	0	0	0	0	1	0	0	1	0	1	0	0	0	0	0	0	1	0	1	0	0	0	0	0	31	-0.4	39.2	0.1	80	0.11	35.1000162266667	30.8439240121389
2026-02-13 07:43:25 72	3.84	5.25	7.98	0.45	0.3	0.3	20.2	0.2	85.3	10	41.7	20.43	1.18	4.44	1.01	0.17	4.137	3.847	0.16	96	107	8.86	0.834	1.138	0.663	4.99	5.44	1	0.16	50.3	0	1	-0.04	4	0	50	47.7	49.7	0	0	0	7.9	0.6	0	1	0	0	0	0	1	0	0	1	0	1	0	0	0	0	0	0	1	0	1	0	0	0	0	0	31	-0.4	39.2	0.1	80	0.11	35.1834729266667	30.8453149570278
2026-02-13 07:43:30 72	3.84	5.25	7.97	0.45	0.29	0.29	20.2	0.2	85.3	10	41.7	20.43	1.18	4.44	1.01	0.17	4.137	3.85	0.16	97	107	8.86	0.834	1.138	0.663	4.99	5.44	1	0.16	50.3	0	1	-0.04	4	0	50	47.7	49.7	0	0	0	8.1	0.6	0	1	0	0	0	0	1	0	0	1	0	1	0	0	0	0	0	0	1	0	1	0	0	0	0	0	31	-0.4	39.2	0.1	80	0.11	35.2668124866667	30.8467039491111
2026-02-13 07:43:35 72	3.84	5.25	7.97	0.45	0.29	0.29	20.2	0.2	85.3	10	41.7	20.43	1.17	4.44	1.01	0.17	4.137	3.851	0.16	96	107	8.86	0.834	1.138	0.663	4.99	5.44	1	0.16	50.3	0	1	-0.04	4	0	50	47.7	49.7	0	0	0	8.2	0.6	0	1	0	0	0	0	1	0	0	1	0	1	0	0	0	0	0	0	1	0	1	0	0	0	0	0	31	-0.4	39.2	0.1	80	0.11	35.3501693966667	30.8480932316667
2026-02-13 07:43:40 72	3.84	5.25	7.97	0.45	0.3	0.3	20.2	0.2	85.3	10	41.74	20.48	1.18	4.44	1.01	0.17	4.139	3.85	0.16	96	107	8.86	0.834	1.138	0.663	4.99	5.44	1	0.16	50.3	0	1	-0.04	4	0	50	47.7	49.7	0	0	0	8.4	0.6	0	1	0	0	0	0	1	0	0	1	0	1	0	0	0	0	0	0	1	0	1	0	0	0	0	0	31	-0.4	39.2	0.1	80	0.11	35.4335248533333	30.8494824882222
2026-02-13 07:43:45 73	3.84	5.26	7.99	0.44	0.29	0.29	20.2	0.2	85.3	10	41.7	20.43	1.18	4.44	1.01	0.17	4.13	3.846	0.16	97	107	8.86	0.834	1.138	0.663	4.99	5.44	1	0.16	50.3	0	1	-0.04	4	0	50	47.7	49.7	0	0	0	8.6	0.6	0	1	0	0	0	0	1	0	0	1	0	1	0	0	0	0	0	0	1	0	1	0	0	0	0	0	31	-0.4	39.3	0.1	80	0.11	35.51693285	30.8508726225833
2026-02-13 07:43:50 74	3.84	5.25	7.97	0.45	0.29	0.29	20.2	0.2	85.3	10	41.74	20.48	1.18	4.44	1.01	0.17	4.137	3.85	0.16	97	107	8.86	0.834	1.138	0.663	4.99	5.44	1	0.16	50.3	0	1	-0.04	4	0	50	47.7	49.7	0	0	0	8.7	0.6	0	1	0	0	0	0	1	0	0	1	0	1	0	0	0	0	0	0	1	0	1	0	0	0	0	0	31	-0.4	39.3	0.1	80	0.11	35.6004032266667	30.8522637955
2026-02-13 07:43:55 74	3.84	5.26	7.98	0.45	0.29	0.29	20.2	0.2	85.3	10	41.74	20.48	1.18	4.45	1.01	0.17	4.134	3.847	0.16	96	107	8.87	0.834	1.138	0.663	4.99	5.44	1	0.16	50.3	0	1	-0.04	4	0	50	47.7	49.7	0	0	0	8.9	0.6	0	1	0	0	0	0	1	0	0	1	0	1	0	0	0	0	0	0	1	0	1	0	0	0	0	0	31	-0.4	39.3	0.1	80	0.11	35.6837438683333	30.8536528062222
2026-02-13 07:44:00 74	3.84	5.25	7.97	0.45	0.29	0.29	20.2	0.2	85.3	10	41.74	20.48	1.18	4.44	1.01	0.17	4.136	3.85	0.16	97	107	8.87	0.834	1.138	0.663	4.99	5.44	1	0.16	50.3	0	1	-0.04	3.9	0	50	47.7	49.7	0	0	0	9	0.6	0	1	0	0	0	0	1	0	0	1	0	1	0	0	0	0	0	0	1	0	1	0	0	0	0	0	31	-0.4	39.3	0.1	80	0.11	35.7671616916667	30.85504310125
2026-02-13 07:44:05 75	3.84	5.25	7.97	0.45	0.29	0.29	20.2	0.2	85.3	10	41.74	20.48	1.18	4.43	1.01	0.17	4.136	3.85	0.16	96	107	8.87	0.834	1.138	0.663	4.99	5.44	1	0.16	50.3	0	1	-0.04	4	0	50	47.7	49.7	0	0	0	9.2	0.6	0	1	0	0	0	0	1	0	0	1	0	1	0	0	0	0	0	0	1	0	1	0	0	0	0	0	31	-0.4	39.3	0.1	80	0.11	35.850562105	30.8564331091389
2026-02-13 07:44:10 75	3.84	5.25	7.97	0.45	0.29	0.29	20.2	0.2	85.3	10	41.74	20.48	1.18	4.44	1.01	0.17	4.136	3.849	0.16	97	107	8.87	0.834	1.138	0.663	4.99	5.44	1	0.16	50.3	0	1	-0.04	4	0	50	47.7	49.7	0	0	0	9.4	0.6	0	1	0	0	0	0	1	0	0	1	0	1	0	0	0	0	0	0	1	0	1	0	0	0	0	0	31	-0.4	39.3	0.1	80	0.11	35.9340031333333	30.8578237938889
2026-02-13 07:44:15 75	3.84	5.25	7.98	0.45	0.29	0.29	20.2	0.2	85.3	10	41.7	20.43	1.18	4.46	1.01	0.17	4.135	3.848	0.16	96	107	8.87	0.834	1.138	0.663	4.99	5.44	1	0.16	50.3	0	1	-0.04	3.8	0	50	47.7	49.7	0	0	0	9.5	0.6	0	1	0	0	0	0	1	0	0	1	0	1	0	0	0	0	0	0	1	0	1	0	0	0	0	0	31	-0.4	39.3	0.1	80	0.11	36.017341555	30.8592127665278
2026-02-13 07:44:20 75	3.84	5.24	7.96	0.45	0.29	0.29	20.1	0.2	85.3	10	41.7	20.43	1.18	4.42	1.01	0.17	4.138	3.851	0.16	97	107	8.87	0.834	1.138	0.663	4.99	5.44	1	0.16	50.3	0	1	-0.04	3.9	0	50	47.7	49.7	0	0	0	9.7	0.6	0	1	0	0	0	0	1	0	0	1	0	1	0	0	0	0	0	0	1	0	1	0	0	0	0	0	31	-0.4	39.3	0.1	80	0.11	36.1006895316667	30.8606019006944
2026-02-13 07:44:25 75	3.84	5.25	7.97	0.45	0.3	0.3	20.2	0.2	85.3	10	41.74	20.48	1.18	4.44	1.01	0.17	4.138	3.849	0.16	97	107	8.87	0.834	1.138	0.663	4.99	5.44	1	0.16	50.3	0	1	-0.04	3.9	0	50	47.7	49.7	0	0	0	9.9	0.6	0	1	0	0	0	0	1	0	0	1	0	1	0	0	0	0	0	0	1	0	1	0	0	0	0	0	31	-0.4	39.3	0.1	80	0.11	36.1840451333333	30.8619911593611
2026-02-13 07:44:30 76	3.84	5.25	7.98	0.45	0.29	0.29	20.2	0.2	85.3	10	41.74	20.48	1.18	4.45	1.01	0.17	4.136	3.85	0.16	97	107	8.87	0.834	1.138	0.663	4.99	5.44	1	0.16	50.3	0	1	-0.04	3.9	0	50	47.7	49.7	0	0	0	10	0.6	0	1	0	0	0	0	1	0	0	1	0	1	0	0	0	0	0	0	1	0	1	0	0	0	0	0	31	-0.4	39.3	0.1	80	0.11	36.2674380533333	30.8633810415556
2026-02-13 07:44:35 76	3.84	5.25	7.97	0.45	0.29	0.29	20.2	0.2	85.3	10	41.7	20.43	1.18	4.44	1.01	0.17	4.135	3.849	0.16	97	107	8.87	0.834	1.138	0.663	5	5.44	1	0.16	50.3	0	1	-0.04	3.9	0	50	47.7	49.7	0	0	0	10.2	0.6	0	1	0	0	0	0	1	0	0	1	0	1	0	0	0	0	0	0	1	0	1	0	0	0	0	0	31	-0.4	39.3	0.1	80	0.11	36.3507766716667	30.8647700185278
2026-02-13 07:44:40 77	3.85	5.25	7.97	0.45	0.29	0.29	20.2	0.2	85.3	10	41.7	20.5	1.18	4.44	1.01	0.17	4.14	3.854	0.16	97	107	8.86	0.834	1.138	0.663	4.99	5.44	1	0.16	50.3	0	1	-0.04	3.9	0	50	47.7	49.7	0	0	0	10.4	0.6	0	1	0	0	0	0	1	0	0	1	0	1	0	0	0	0	0	0	1	0	1	0	0	0	0	0	31	-0.4	39.3	0.1	80	0.11	36.4343585866667	30.8661630514167
2026-02-13 07:44:45 78	3.84	5.25	7.97	0.45	0.29	0.29	20.2	0.2	85.3	10	41.72	20.5	1.18	4.43	1.01	0.17	4.134	3.849	0.16	97	107	8.86	0.834	1.138	0.663	5	5.44	1	0.16	50.3	0	1	-0.04	4	0	50	47.7	49.7	0	0	0	10.5	0.6	0	1	0	0	0	0	1	0	0	1	0	1	0	0	0	0	0	0	1	0	1	0	0	0	0	0	31	-0.4	39.3	0.1	80	0.11	36.5177555266667	30.8675530003056
2026-02-13 07:44:50 78	3.85	5.25	7.97	0.45	0.29	0.29	20.2	0.2	85.3	10	41.76	20.5	1.18	4.44	1.01	0.17	4.137	3.851	0.16	97	107	8.86	0.834	1.139	0.663	5	5.44	1	0.16	50.3	0	1	-0.04	4	0	50	47.7	49.7	0	0	0	10.7	0.6	0	1	0	0	0	0	1	0	0	1	0	1	0	0	0	0	0	0	1	0	1	0	0	0	0	0	31	-0.4	39.3	0.1	80	0.11	36.60117414	30.8689433099444
2026-02-13 07:44:55 78	3.84	5.25	7.98	0.45	0.29	0.29	20.2	0.2	85.3	10	41.76	20.47	1.18	4.43	1.01	0.17	4.137	3.85	0.16	97	107	8.86	0.834	1.139	0.663	4.99	5.44	1	0.16	50.3	0	1	-0.04	4	0	50	47.7	49.7	0	0	0	10.9	0.6	0	1	0	0	0	0	1	0	0	1	0	1	0	0	0	0	0	0	1	0	1	0	0	0	0	0	31	-0.4	39.3	0.1	80	0.11	36.684526095	30.87033250875
2026-02-13 07:45:00 79	3.84	5.25	7.97	0.45	0.3	0.3	20.2	0.2	85.3	10	41.76	20.47	1.18	4.43	1.01	0.17	4.137	3.847	0.16	96	107	8.86	0.834	1.139	0.663	5	5.44	1	0.16	50.3	0	1	-0.04	4	0	50	47.7	49.7	0	0	0	11.1	0.6	0	1	0	0	0	0	1	0	0	1	0	1	0	0	0	0	0	0	1	0	1	0	0	0	0	0	31	-0.4	39.3	0.1	80	0.11	36.768003615	30.8717238019722
2026-02-13 07:45:05 80	3.84	5.25	7.98	0.45	0.29	0.29	20.2	0.2	85.3	10	41.76	20.47	1.18	4.44	1.01	0.17	4.135	3.848	0.16	96	107	8.86	0.834	1.139	0.663	5	5.44	1	0.16	50.3	0	1	-0.04	4	0	50	47.7	49.7	0	0	0	11.2	0.6	0	1	0	0	0	0	1	0	0	1	0	1	0	0	0	0	0	0	1	0	1	0	0	0	0	0	31	-0.4	39.3	0.1	80	0.11	36.8515397983333	30.8731160708056
2026-02-13 07:45:10 82	3.84	5.25	7.98	0.45	0.29	0.29	20.1	0.2	84.5	10	41.76	20.47	1.19	4.45	1.01	0.18	4.128	3.843	0.16	96	107	8.86	0.834	1.139	0.663	5	5.44	1	0.16	50.2	0	1	-0.04	4	0	50	47.7	49.7	0	0	0	11.2	0.6	0	1	0	0	0	0	1	0	0	1	0	1	0	0	0	0	0	0	1	0	1	0	0	0	0	0	31.1	-0.4	39.3	0.1	80	0.11	36.93517082	30.8745099222778
2026-02-13 07:45:15 82	3.82	5.25	7.97	0.45	0.29	0.29	20	0.2	84.1	10	41.76	20.47	1.19	4.44	1	0.19	4.112	3.824	0.16	96	107	8.86	0.834	1.139	0.663	5	5.44	1	0.16	49.9	0	1	-0.04	4	0	50	47.7	49.7	0	0	0	10.4	0.6	0	1	0	0	0	0	1	0	0	1	0	1	0	0	0	0	0	0	1	0	1	0	0	0	0	0	31.1	-0.4	39.3	0.1	80	0.11	37.0184897366667	30.8758985698611
2026-02-13 07:45:20 84	3.81	5.26	7.99	0.45	0.3	0.3	20	0.2	84.2	10	41.83	20.47	1.18	4.44	1	0.19	4.102	3.809	0.16	96	107	8.86	0.834	1.14	0.663	5	5.44	1	0.16	49.6	0	1	-0.05	4	0	50	47.7	49.7	0	0	0	9.6	0.6	0	1	0	0	0	0	1	0	0	1	0	1	0	0	0	0	0	0	1	0	1	0	0	0	0	0	31.1	-0.4	39.3	0.1	80	0.11	37.1021435116667	30.8772928004444
2026-02-13 07:45:25 83	3.8	5.24	7.96	0.45	0.29	0.29	20	0.2	84.1	10	41.83	20.47	1.18	4.44	1	0.19	4.094	3.808	0.16	96	107	8.86	0.834	1.14	0.663	5	5.44	1	0.16	49.5	0	1	-0.04	3.9	0	50	47.7	49.7	0	0	0	8.9	0.6	0	1	0	0	0	0	1	0	0	1	0	1	0	0	0	0	0	0	1	0	1	0	0	0	0	0	31.1	-0.4	39.3	0.1	80	0.11	37.1853422233333	30.8786794452778
2026-02-13 07:45:30 84	3.8	5.27	8	0.45	0.29	0.29	20	0.2	84.1	10	41.83	20.47	1.18	4.44	1	0.19	4.088	3.802	0.16	96	107	8.86	0.834	1.14	0.663	5	5.44	1	0.16	49.4	0	1	-0.04	3.8	0	50	47.7	49.7	0	0	0	8.1	0.6	0	1	0	0	0	0	1	0	0	1	0	1	0	0	0	0	0	0	1	0	1	0	0	0	0	0	31.1	-0.4	39.3	0.1	80	0.11	37.26878824	30.8800702124167
2026-02-13 07:45:35 84	3.8	5.25	7.97	0.45	0.3	0.3	19.9	0.2	84.1	10	41.83	20.47	1.18	4.43	1	0.19	4.09	3.802	0.16	97	107	8.86	0.834	1.14	0.663	5	5.44	1	0.16	49.3	0	1	-0.04	3.9	0	50	47.7	49.7	0	0	0	7.4	0.6	0	1	0	0	0	0	1	0	0	1	0	1	0	0	0	0	0	0	1	0	1	0	0	0	0	0	31.1	-0.4	39.3	0.1	80	0.11	37.35221212	30.88146060975
2026-02-13 07:45:40 85	3.79	5.25	7.98	0.45	0.29	0.29	19.9	0.2	84.1	10	41.83	20.47	1.18	4.44	1	0.19	4.082	3.795	0.16	96	107	8.86	0.834	1.14	0.663	5	5.44	1	0.16	49.3	0	1	-0.04	3.9	0	50	47.7	49.7	0	0	0	6.7	0.6	0	1	0	0	0	0	1	0	0	1	0	1	0	0	0	0	0	0	1	0	1	0	0	0	0	0	31.1	-0.4	39.3	0.1	80	0.11	37.43565191	30.8828512735556
2026-02-13 07:45:45 85	3.79	5.25	7.98	0.45	0.29	0.29	19.9	0.2	84.1	10	41.83	20.47	1.18	4.44	0.99	0.19	4.085	3.797	0.16	97	107	8.86	0.834	1.14	0.663	5	5.44	1	0.16	49.3	0	1	-0.04	3.9	0	50	47.7	49.7	0	0	0	5.9	0.6	0	1	0	0	0	0	1	0	0	1	0	1	0	0	0	0	0	0	1	0	1	0	0	0	0	0	31.1	-0.4	39.3	0.1	80	0.11	37.5190251216667	30.8842408270278
2026-02-13 07:45:50 86	3.79	5.25	7.96	0.45	0.29	0.29	19.9	0.2	84.1	10	41.83	20.47	1.18	4.43	0.99	0.19	4.084	3.797	0.16	96	107	8.86	0.834	1.14	0.663	5	5.44	1	0.16	49.3	0	1	-0.04	3.9	0	50	47.7	49.7	0	0	0	5.2	0.6	0	1	0	0	0	0	1	0	0	1	0	1	0	0	0	0	0	0	1	0	1	0	0	0	0	0	31.1	-0.4	39.3	0.1	80	0.11	37.60248592	30.8856318404722
2026-02-13 07:45:55 86	3.8	5.26	7.99	0.45	0.3	0.3	20	0.2	85.2	10	41.83	20.47	1.17	4.45	1	0.17	4.097	3.809	0.16	97	107	8.86	0.834	1.14	0.663	5	5.44	1	0.15	49.5	0	1	-0.04	3.9	0	50	47.7	49.7	0	0	0	5	0.6	0	1	0	0	0	0	1	0	0	1	0	1	0	0	0	0	0	0	1	0	1	0	0	0	0	0	31.1	-0.4	39.3	0.1	80	0.11	37.6858165833333	30.8870206837222
2026-02-13 07:46:00 87	3.82	5.24	7.96	0.45	0.3	0.3	20	0.2	85.3	10	41.83	20.47	1.17	4.43	1	0.17	4.116	3.828	0.16	97	107	8.86	0.834	1.14	0.663	5	5.44	1	0.16	49.8	0	1	-0.04	3.9	0	50	47.7	49.7	0	0	0	5.2	0.6	0	1	0	0	0	0	1	0	0	1	0	1	0	0	0	0	0	0	1	0	1	0	0	0	0	0	31.1	-0.4	39.3	0.1	80	0.11	37.769292995	30.8884119581667
2026-02-13 07:46:05 87	3.83	5.25	7.98	0.45	0.29	0.29	20.1	0.2	85.3	10	41.83	20.47	1.17	4.45	1.01	0.17	4.117	3.832	0.16	96	107	8.86	0.834	1.14	0.663	5	5.44	1	0.16	50	0	1	-0.04	3.9	0	50	47.7	49.7	0	0	0	5.4	0.6	0	1	0	0	0	0	1	0	0	1	0	1	0	0	0	0	0	0	1	0	1	0	0	0	0	0	31.1	-0.4	39.3	0.1	80	0.11	37.852698905	30.8898020553889
2026-02-13 07:46:10 88	3.83	5.24	7.95	0.45	0.29	0.29	20.1	0.2	85.3	10	41.83	20.47	1.17	4.44	1	0.17	4.125	3.838	0.16	97	107	8.86	0.834	1.14	0.663	5	5.44	1	0.16	50.1	0	1	-0.04	3.9	0	50	47.7	49.7	0	0	0	5.6	0.6	0	1	0	0	0	0	1	0	0	1	0	1	0	0	0	0	0	0	1	0	1	0	0	0	0	0	31.1	-0.4	39.3	0.1	80	0.11	37.93608031	30.8911917455833
2026-02-13 07:46:15 88	3.84	5.25	7.97	0.45	0.29	0.29	20.1	0.2	85.3	10	41.83	20.47	1.18	4.44	1.01	0.17	4.13	3.845	0.16	96	107	8.86	0.834	1.14	0.663	5	5.44	1	0.16	50.2	0	1	-0.04	4	0	50	47.7	49.7	0	0	0	5.8	0.6	0	1	0	0	0	0	1	0	0	1	0	1	0	0	0	0	0	0	1	0	1	0	0	0	0	0	31.1	-0.4	39.3	0.1	80	0.11	38.019428215	30.8925808786389
2026-02-13 07:46:20 89	3.84	5.25	7.96	0.45	0.29	0.29	20.2	0.2	85.3	10	41.8	20.42	1.18	4.45	1.01	0.17	4.134	3.848	0.16	97	107	8.86	0.834	1.14	0.664	5	5.44	1	0.16	50.2	0	1	-0.04	3.9	0	50	47.7	49.7	0	0	0	6	0.6	0	1	0	0	0	0	1	0	0	1	0	1	0	0	0	0	0	0	1	0	1	0	0	0	0	0	31.1	-0.4	39.3	0.1	80	0.11	38.1031465533333	30.8939761842778
2026-02-13 07:46:25 90	3.84	5.26	7.98	0.45	0.29	0.29	20.2	0.2	85.3	10	41.8	20.42	1.18	4.44	1.01	0.17	4.131	3.844	0.16	96	107	8.86	0.834	1.14	0.664	5	5.44	1	0.16	50.2	0	1	-0.04	3.9	0	50	47.7	49.7	0	0	0	6.2	0.6	0	1	0	0	0	0	1	0	0	1	0	1	0	0	0	0	0	0	1	0	1	0	0	0	0	0	31.1	-0.4	39.3	0.1	80	0.11	38.1864531683333	30.8953646277778
2026-02-13 07:46:30 90	3.84	5.25	7.97	0.45	0.29	0.29	20.2	0.2	85.3	10	41.83	20.47	1.18	4.42	1.01	0.17	4.137	3.85	0.16	97	107	8.86	0.834	1.14	0.663	5	5.44	1	0.16	50.2	0	1	-0.04	4	0	50	47.7	49.7	0	0	0	6.3	0.6	0	1	0	0	0	0	1	0	0	1	0	1	0	0	0	0	0	0	1	0	1	0	0	0	0	0	31.1	-0.4	39.3	0.1	80	0.11	38.2698019333333	30.8967537739167
2026-02-13 07:46:35 91	3.84	5.25	7.97	0.45	0.29	0.29	20.2	0.2	85.3	10	41.8	20.42	1.18	4.45	1.01	0.17	4.134	3.846	0.16	97	107	8.86	0.834	1.14	0.664	5	5.44	1	0.16	50.3	0	1	-0.04	4	0	50	47.7	49.7	0	0	0	6.5	0.6	0	1	0	0	0	0	1	0	0	1	0	1	0	0	0	0	0	0	1	0	1	0	0	0	0	0	31.1	-0.4	39.3	0.1	80	0.11	38.3532731766667	30.8981449604167
2026-02-13 07:46:40 91	3.84	5.25	7.97	0.45	0.29	0.29	20.2	0.2	85.3	10	41.83	20.47	1.18	4.43	1.01	0.17	4.134	3.847	0.16	97	107	8.86	0.834	1.14	0.663	5	5.44	1	0.16	50.3	0	1	-0.04	4	0	50	47.7	49.7	0	0	0	6.7	0.6	0	1	0	0	0	0	1	0	0	1	0	1	0	0	0	0	0	0	1	0	1	0	0	0	0	0	31.1	-0.4	39.3	0.1	80	0.11	38.436812425	30.8995372820278
2026-02-13 07:46:45 92	3.84	5.26	7.98	0.45	0.29	0.29	20.2	0.2	85.3	10	41.83	20.47	1.18	4.45	1.01	0.17	4.129	3.842	0.16	96	107	8.86	0.834	1.14	0.663	5	5.44	1	0.16	50.3	0	1	-0.04	4	0	50	47.7	49.7	0	0	0	6.9	0.6	0	1	0	0	0	0	1	0	0	1	0	1	0	0	0	0	0	0	1	0	1	0	0	0	0	0	31.1	-0.4	39.3	0.1	80	0.11	38.5200867916667	30.9009251873611
2026-02-13 07:46:50 92	3.84	5.24	7.96	0.45	0.3	0.3	20.2	0.2	85.3	10	41.83	20.47	1.18	4.44	1.01	0.17	4.134	3.846	0.16	97	107	8.86	0.834	1.14	0.663	5	5.44	1	0.16	50.3	0	1	-0.04	3.9	0	50	47.7	49.7	0	0	0	7	0.6	0	1	0	0	0	0	1	0	0	1	0	1	0	0	0	0	0	0	1	0	1	0	0	0	0	0	31.1	-0.4	39.3	0.1	80	0.11	38.6034223866667	30.9023141149167
2026-02-13 07:46:55 93	3.84	5.26	7.98	0.45	0.29	0.29	20.2	0.2	85.3	10	41.8	20.42	1.18	4.44	1.01	0.17	4.133	3.847	0.16	96	107	8.86	0.834	1.14	0.664	5	5.44	1	0.16	50.3	0	1	-0.04	4	0	50	47.7	49.7	0	0	0	7.2	0.6	0	1	0	0	0	0	1	0	0	1	0	1	0	0	0	0	0	0	1	0	1	0	0	0	0	0	31.1	-0.4	39.3	0.1	80	0.11	38.6870591716667	30.9037080612222
2026-02-13 07:47:00 93	3.84	5.24	7.96	0.45	0.29	0.29	20.1	0.2	85.3	10	41.83	20.47	1.18	4.44	1.01	0.17	4.134	3.848	0.16	97	107	8.86	0.834	1.14	0.663	5	5.44	1	0.16	50.3	0	1	-0.04	4	0	50	47.7	49.7	0	0	0	7.4	0.6	0	1	0	0	0	0	1	0	0	1	0	1	0	0	0	0	0	0	1	0	1	0	0	0	0	0	31.1	-0.4	39.3	0.1	80	0.11	38.7703275333333	30.9050958673333
2026-02-13 07:47:05 93	3.84	5.25	7.96	0.45	0.3	0.3	20.2	0.2	85.3	10	41.8	20.42	1.18	4.44	1.01	0.17	4.14	3.852	0.16	97	107	8.86	0.834	1.14	0.664	5	5.44	1	0.16	50.3	0	1	-0.04	4	0	50	47.7	49.7	0	0	0	7.5	0.6	0	1	0	0	0	0	1	0	0	1	0	1	0	0	0	0	0	0	1	0	1	0	0	0	0	0	31.1	-0.4	39.3	0.1	80	0.11	38.8536679633333	30.9064848738333
2026-02-13 07:47:10 94	3.84	5.25	7.97	0.45	0.3	0.3	20.2	0.2	85.3	10	41.83	20.47	1.18	4.43	1.01	0.17	4.138	3.849	0.16	97	107	8.86	0.834	1.14	0.663	5	5.45	1	0.16	50.3	0	1	-0.04	4	0	50	47.7	49.7	0	0	0	7.7	0.6	0	1	0	0	0	0	1	0	0	1	0	1	0	0	0	0	0	0	1	0	1	0	0	0	0	0	31.1	-0.4	39.3	0.1	80	0.11	38.93711269	30.9078756200278
2026-02-13 07:47:15 95	3.84	5.25	7.97	0.45	0.29	0.29	20.2	0.2	85.3	10	41.83	20.47	1.18	4.43	1.01	0.17	4.138	3.85	0.16	97	107	8.86	0.834	1.14	0.663	5	5.46	1	0.16	50.3	0	1	-0.04	3.9	0	50	47.7	49.7	0	0	0	7.8	0.6	0	1	0	0	0	0	1	0	0	1	0	1	0	0	0	0	0	0	1	0	1	0	0	0	0	0	31.1	-0.4	39.3	0.1	80	0.11	39.0206086016667	30.9092672185
2026-02-13 07:47:20 95	3.84	5.26	7.98	0.45	0.29	0.29	20.2	0.2	85.3	10	41.83	20.47	1.18	4.45	1.01	0.17	4.136	3.849	0.16	97	107	8.86	0.834	1.14	0.663	5	5.46	1	0.16	50.3	0	1	-0.04	3.9	0	50	47.7	49.7	0	0	0	8	0.6	0	1	0	0	0	0	1	0	0	1	0	1	0	0	0	0	0	0	1	0	1	0	0	0	0	0	31.1	-0.4	39.3	0.1	80	0.11	39.103947145	30.9106561941667
2026-02-13 07:47:25 96	3.84	5.25	7.98	0.45	0.29	0.29	20.2	0.2	85.3	10	41.83	20.47	1.18	4.44	1.01	0.17	4.136	3.848	0.16	96	107	8.86	0.834	1.14	0.663	5	5.47	1	0.16	50.3	0	1	-0.04	3.9	0	50	47.7	49.7	0	0	0	8.2	0.6	0	1	0	0	0	0	1	0	0	1	0	1	0	0	0	0	0	0	1	0	1	0	0	0	0	0	31.1	-0.4	39.3	0.1	80	0.11	39.18739942	30.9120470643889
2026-02-13 07:47:30 96	3.84	5.24	7.96	0.45	0.29	0.29	20.1	0.2	85.3	10	41.83	20.47	1.18	4.44	1.01	0.17	4.136	3.85	0.16	96	107	8.87	0.834	1.14	0.663	5	5.47	1	0.16	50.3	0	1	-0.04	3.9	0	50	47.7	49.7	0	0	0	8.4	0.6	0	1	0	0	0	0	1	0	0	1	0	1	0	0	0	0	0	0	1	0	1	0	0	0	0	0	31.1	-0.4	39.3	0.1	80	0.11	39.2709302083333	30.9134392451667
2026-02-13 07:47:35 96	3.84	5.25	7.97	0.45	0.29	0.29	20.2	0.2	85.3	10	41.83	20.47	1.18	4.43	1.01	0.17	4.137	3.85	0.16	96	107	8.87	0.834	1.14	0.663	5	5.47	1	0.16	50.3	0	1	-0.04	3.9	0	50	47.7	49.7	0	0	0	8.6	0.6	0	1	0	0	0	0	1	0	0	1	0	1	0	0	0	0	0	0	1	0	1	0	0	0	0	0	31.1	-0.4	39.3	0.1	80	0.11	39.354178975	30.9148267246944
2026-02-13 07:47:40 97	3.84	5.24	7.96	0.45	0.3	0.3	20.1	0.2	85.3	10	41.83	20.47	1.18	4.44	1.01	0.17	4.136	3.848	0.16	96	107	8.86	0.834	1.14	0.663	5	5.47	1	0.16	50.4	0	1	-0.04	4	0	50	47.7	49.7	0	0	0	8.8	0.6	0	1	0	0	0	0	1	0	0	1	0	1	0	0	0	0	0	0	1	0	1	0	0	0	0	0	31.1	-0.4	39.3	0.1	80	0.11	39.437824445	30.9162208149722
2026-02-13 07:47:45 98	3.85	5.24	7.96	0.45	0.29	0.29	20.2	0.2	85.3	10	41.83	20.43	1.18	4.44	1.01	0.17	4.138	3.851	0.16	97	107	8.86	0.834	1.14	0.663	5	5.47	1	0.16	50.4	0	1	-0.04	4	0	50	47.7	49.7	0	0	0	8.9	0.6	0	1	0	0	0	0	1	0	0	1	0	1	0	0	0	0	0	0	1	0	1	0	0	0	0	0	31.1	-0.4	39.3	0.1	80	0.11	39.5211231416667	30.9176091267222
2026-02-13 07:47:50 99	3.84	5.25	7.97	0.45	0.3	0.3	20.1	0.2	85.3	10	41.83	20.43	1.18	4.43	1.01	0.17	4.135	3.847	0.16	96	107	8.86	0.834	1.14	0.663	5.01	5.47	1	0.16	50.3	0	1	-0.04	4	0	50	47.7	49.7	0	0	0	9.1	0.6	0	1	0	0	0	0	1	0	0	1	0	1	0	0	0	0	0	0	1	0	1	0	0	0	0	0	31.1	-0.4	39.3	0.1	80	0.11	39.6046084733333	30.9190005496667
2026-02-13 07:47:55 99	3.85	5.24	7.96	0.45	0.29	0.29	20.2	0.2	85.3	10	41.83	20.43	1.18	4.44	1.01	0.17	4.142	3.855	0.16	97	107	8.86	0.834	1.14	0.663	5	5.47	1	0.16	50.4	0	1	-0.04	3.9	0	50	47.7	49.7	0	0	0	9.3	0.6	0	1	0	0	0	0	1	0	0	1	0	1	0	0	0	0	0	0	1	0	1	0	0	0	0	0	31.1	-0.4	39.3	0.1	80	0.11	39.687934635	30.9203893181944
2026-02-13 07:48:01 00	3.84	5.25	7.97	0.45	0.29	0.29	20.2	0.2	85.3	10	41.83	20.36	1.18	4.44	1.01	0.17	4.135	3.85	0.16	96	107	8.86	0.833	1.14	0.663	5	5.47	1	0.16	50.3	0	1	-0.04	3.9	0	50	47.7	49.7	0	0	0	9.5	0.6	0	1	0	0	0	0	1	0	0	1	0	1	0	0	0	0	0	0	1	0	1	0	0	0	0	0	31.1	-0.4	39.3	0.1	80	0.11	39.7713868833333	30.9217801898889
2026-02-13 07:48:06 00	3.84	5.25	7.96	0.45	0.29	0.29	20.2	0.2	85.3	10	41.8	20.32	1.18	4.44	1.01	0.17	4.138	3.851	0.16	96	107	8.86	0.833	1.14	0.664	5	5.47	1	0.16	50.3	0	1	-0.04	3.9	0	50	47.7	49.7	0	0	0	9.7	0.6	0	1	0	0	0	0	1	0	0	1	0	1	0	0	0	0	0	0	1	0	1	0	0	0	0	0	31.1	-0.4	39.3	0.1	80	0.11	39.854878115	30.9231717101389
2026-02-13 07:48:11 01	3.85	5.25	7.97	0.45	0.29	0.29	20.2	0.2	85.3	10	41.83	20.33	1.18	4.44	1.01	0.17	4.138	3.853	0.16	97	107	8.86	0.833	1.14	0.663	5	5.47	1	0.16	50.4	0	1	-0.04	4	0	50	47.7	49.7	0	0	0	9.8	0.6	0	1	0	0	0	0	1	0	0	1	0	1	0	0	0	0	0	0	1	0	1	0	0	0	0	0	31.1	-0.4	39.3	0.1	80	0.11	39.9382280083333	30.92456087525
2026-02-13 07:48:16 01	3.85	5.24	7.96	0.45	0.3	0.3	20.2	0.2	85.3	10	41.85	20.36	1.18	4.45	1.01	0.17	4.143	3.854	0.16	97	107	8.86	0.833	1.141	0.663	5.01	5.47	1	0.16	50.4	0	1	-0.04	4	0	50	47.7	49.7	0	0	0	10	0.6	0	1	0	0	0	0	1	0	0	1	0	1	0	0	0	0	0	0	1	0	1	0	0	0	0	0	31.1	-0.4	39.3	0.1	80	0.11	40.0215679666667	30.9259498731667
2026-02-13 07:48:21 01	3.84	5.26	7.98	0.44	0.29	0.29	20.2	0.2	85.3	10	41.83	20.36	1.17	4.42	1.01	0.17	4.13	3.846	0.16	96	107	8.86	0.833	1.14	0.663	5	5.47	1	0.16	50.3	0	1	-0.04	3.9	0	50	47.7	49.7	0	0	0	10.2	0.6	0	1	0	0	0	0	1	0	0	1	0	1	0	0	0	0	0	0	1	0	1	0	0	0	0	0	31.1	-0.4	39.3	0.1	80	0.11	40.1049463466667	30.9273395141944
2026-02-13 07:48:26 02	3.85	5.24	7.96	0.45	0.29	0.29	20.2	0.2	85.3	10	41.83	20.36	1.18	4.45	1.01	0.17	4.137	3.851	0.16	97	107	8.86	0.833	1.14	0.663	5	5.47	1	0.16	50.4	0	1	-0.04	3.9	0	50	47.7	49.7	0	0	0	10.4	0.6	0	1	0	0	0	0	1	0	0	1	0	1	0	0	0	0	0	0	1	0	1	0	0	0	0	0	31.1	-0.4	39.3	0.1	80	0.11	40.188412675	30.9287306196667
2026-02-13 07:48:31 02	3.85	5.25	7.97	0.45	0.3	0.3	20.2	0.2	85.3	10	41.8	20.29	1.18	4.44	1.01	0.17	4.14	3.851	0.16	97	107	8.86	0.833	1.14	0.664	5	5.47	1	0.16	50.4	0	1	-0.04	3.9	0	50	47.7	49.7	0	0	0	10.6	0.6	0	1	0	0	0	0	1	0	0	1	0	1	0	0	0	0	0	0	1	0	1	0	0	0	0	0	31.1	-0.4	39.3	0.1	80	0.11	40.2718836666667	30.9301218028333
2026-02-13 07:48:36 03	3.85	5.24	7.96	0.44	0.29	0.29	20.2	0.2	85.3	10	41.83	20.36	1.18	4.44	1.01	0.17	4.139	3.856	0.16	96	107	8.86	0.833	1.14	0.663	5	5.47	1	0.16	50.4	0	1	-0.04	3.9	0	50	47.7	49.7	0	0	0	10.8	0.6	0	1	0	0	0	0	1	0	0	1	0	1	0	0	0	0	0	0	1	0	1	0	0	0	0	0	31.1	-0.4	39.3	0.1	80	0.11	40.3555066516667	30.9315155192778
2026-02-13 07:48:41 03	3.84	5.25	7.98	0.45	0.29	0.29	20.2	0.2	85.3	10	41.85	20.36	1.18	4.45	1.01	0.17	4.137	3.851	0.16	96	107	8.86	0.833	1.141	0.663	5	5.47	1	0.16	50.4	0	1	-0.04	4	0	50	47.7	49.7	0	0	0	10.9	0.6	0	1	0	0	0	0	1	0	0	1	0	1	0	0	0	0	0	0	1	0	1	0	0	0	0	0	31.1	-0.4	39.3	0.1	80	0.11	40.4386834816667	30.9329017998611
2026-02-13 07:48:46 04	3.85	5.25	7.97	0.45	0.3	0.3	20.2	0.2	85.3	10	41.82	20.32	1.18	4.46	1.01	0.17	4.143	3.853	0.16	97	107	8.86	0.833	1.141	0.664	5	5.47	1	0.16	50.4	0	1	-0.04	3.9	0	50	47.7	49.7	0	0	0	11.1	0.6	0	1	0	0	0	0	1	0	0	1	0	1	0	0	0	0	0	0	1	0	1	0	0	0	0	0	31.1	-0.4	39.3	0.1	80	0.11	40.5221831916667	30.9342934608611
2026-02-13 07:48:51 05	3.84	5.25	7.97	0.45	0.29	0.29	20.2	0.2	85.3	10	41.82	20.39	1.18	4.43	1.01	0.17	4.136	3.85	0.16	97	107	8.86	0.834	1.141	0.664	4.99	5.47	1	0.16	50.4	0	1	-0.04	4	0	50	47.7	49.7	0	0	0	11.3	0.6	0	1	0	0	0	0	1	0	0	1	0	1	0	0	0	0	0	0	1	0	1	0	0	0	0	0	31.1	-0.4	39.4	0.1	80	0.11	40.605594895	30.9356836554722
2026-02-13 07:48:56 05	3.83	5.25	7.98	0.45	0.29	0.29	20.1	0.2	84.2	10	41.82	20.39	1.19	4.44	1.01	0.19	4.127	3.841	0.16	97	107	8.86	0.834	1.141	0.664	5	5.47	1	0.16	50.1	0	1	-0.04	3.9	0	50	47.7	49.7	0	0	0	11	0.6	0	1	0	0	0	0	1	0	0	1	0	1	0	0	0	0	0	0	1	0	1	0	0	0	0	0	31.1	-0.4	39.4	0.1	80	0.11	40.6889373266667	30.9370726971944
2026-02-13 07:49:01 05	3.82	5.26	7.98	0.45	0.29	0.29	20.1	0.2	84.1	10	41.82	20.39	1.18	4.45	1	0.19	4.109	3.822	0.16	96	107	8.87	0.834	1.141	0.664	5	5.47	1	0.16	49.9	0	1	-0.04	4	0	50	47.7	49.7	0	0	0	10.2	0.6	0	1	0	0	0	0	1	0	0	1	0	1	0	0	0	0	0	0	1	0	1	0	0	0	0	0	31.1	-0.4	39.4	0.1	80	0.11	40.7723736516667	30.9384633025833
2026-02-13 07:49:06 06	3.81	5.23	7.95	0.45	0.3	0.3	19.9	0.2	84.1	10	41.85	20.43	1.18	4.44	1	0.19	4.104	3.816	0.16	97	107	8.87	0.834	1.141	0.663	5	5.47	1	0.16	49.7	0	1	-0.04	3.9	0	50	47.7	49.7	0	0	0	9.4	0.6	0	1	0	0	0	0	1	0	0	1	0	1	0	0	0	0	0	0	1	0	1	0	0	0	0	0	31.1	-0.4	39.4	0.1	80	0.11	40.8558711166667	30.9398549261111
2026-02-13 07:49:11 07	3.8	5.25	7.97	0.45	0.29	0.29	20	0.2	84.1	10	41.82	20.39	1.18	4.44	1	0.19	4.094	3.808	0.16	97	107	8.87	0.834	1.141	0.664	4.99	5.47	1	0.16	49.6	0	1	-0.04	3.9	0	50	47.7	49.7	0	0	0	8.7	0.6	0	1	0	0	0	0	1	0	0	1	0	1	0	0	0	0	0	0	1	0	1	0	0	0	0	0	31.1	-0.4	39.4	0.1	80	0.11	40.9392220066667	30.9412441084444
2026-02-13 07:49:16 07	3.8	5.25	7.97	0.45	0.3	0.3	19.9	0.2	84.1	10	41.88	20.39	1.18	4.43	1	0.19	4.094	3.802	0.16	96	107	8.86	0.834	1.142	0.664	4.99	5.47	1	0.16	49.5	0	1	-0.04	3.9	0	50	47.7	49.7	0	0	0	7.9	0.6	0	1	0	0	0	0	1	0	0	1	0	1	0	0	0	0	0	0	1	0	1	0	0	0	0	0	31.1	-0.4	39.4	0.1	80	0.11	41.0226431666667	30.94263445125
2026-02-13 07:49:21 07	3.8	5.24	7.96	0.44	0.29	0.29	19.9	0.2	84.1	10	41.88	20.39	1.18	4.44	1	0.19	4.088	3.804	0.16	97	107	8.86	0.834	1.142	0.664	4.99	5.47	1	0.16	49.4	0	1	-0.04	3.9	0	50	47.7	49.7	0	0	0	7.1	0.6	0	1	0	0	0	0	1	0	0	1	0	1	0	0	0	0	0	0	1	0	1	0	0	0	0	0	31.1	-0.4	39.4	0.1	80	0.11	41.1059978833333	30.9440237055
2026-02-13 07:49:26 08	3.79	5.25	7.98	0.45	0.29	0.29	19.9	0.2	84.1	10	41.88	20.39	1.18	4.45	1	0.19	4.086	3.8	0.16	96	107	8.86	0.834	1.142	0.664	4.99	5.47	1	0.16	49.4	0	1	-0.04	3.9	0	50	47.7	49.7	0	0	0	6.4	0.6	0	1	0	0	0	0	1	0	0	1	0	1	0	0	0	0	0	0	1	0	1	0	0	0	0	0	31.1	-0.4	39.4	0.1	80	0.11	41.1894813566667	30.94541509675
2026-02-13 07:49:31 08	3.8	5.25	7.97	0.45	0.29	0.29	19.9	0.2	84.1	10	41.88	20.39	1.18	4.44	1	0.19	4.088	3.803	0.16	97	107	8.86	0.834	1.142	0.664	4.99	5.47	1	0.16	49.3	0	1	-0.04	3.8	0	50	47.7	49.7	0	0	0	5.7	0.6	0	1	0	0	0	0	1	0	0	1	0	1	0	0	0	0	0	0	1	0	1	0	0	0	0	0	31.1	-0.4	39.4	0.1	80	0.11	41.272826265	30.9468041785833
2026-02-13 07:49:36 09	3.79	5.24	7.96	0.45	0.3	0.3	19.9	0.2	84.7	10	41.88	20.39	1.17	4.43	0.99	0.18	4.091	3.802	0.16	96	107	8.86	0.834	1.142	0.664	4.99	5.47	1	0.15	49.4	0	1	-0.04	3.9	0	50	47.7	49.7	0	0	0	5	0.6	0	1	0	0	0	0	1	0	0	1	0	1	0	0	0	0	0	0	1	0	1	0	0	0	0	0	31.1	-0.4	39.4	0.1	80	0.11	41.3562942983333	30.9481953125833
2026-02-13 07:49:41 11	3.81	5.24	7.96	0.45	0.29	0.29	20	0.2	85.2	10	41.88	20.39	1.17	4.42	1	0.17	4.106	3.819	0.16	97	107	8.86	0.834	1.142	0.664	4.99	5.47	1	0.15	49.7	0	1	-0.04	3.9	0	50	47.7	49.7	0	0	0	5.1	0.6	0	1	0	0	0	0	1	0	0	1	0	1	0	0	0	0	0	0	1	0	1	0	0	0	0	0	31.1	-0.4	39.4	0.1	80	0.11	41.4400362033333	30.9495910118333
2026-02-13 07:49:46 12	3.82	5.25	7.98	0.45	0.29	0.29	20.1	0.2	85.3	10	41.88	20.39	1.17	4.44	1	0.17	4.112	3.827	0.16	97	107	8.87	0.834	1.142	0.664	4.99	5.47	1	0.16	49.9	0	1	-0.04	3.9	0	50	47.7	49.7	0	0	0	5.3	0.6	0	1	0	0	0	0	1	0	0	1	0	1	0	0	0	0	0	0	1	0	1	0	0	0	0	0	31.1	-0.4	39.4	0.1	80	0.11	41.5234271333333	30.9509808606389
2026-02-13 07:49:51 12	3.83	5.24	7.96	0.45	0.29	0.29	20.1	0.2	85.3	10	41.88	20.39	1.17	4.45	1	0.17	4.125	3.838	0.16	97	107	8.87	0.834	1.142	0.664	4.99	5.47	1	0.16	50.1	0	1	-0.04	4	0	50	47.7	49.7	0	0	0	5.5	0.6	0	1	0	0	0	0	1	0	0	1	0	1	0	0	0	0	0	0	1	0	1	0	0	0	0	0	31.1	-0.4	39.4	0.1	80	0.11	41.6068116866667	30.9523706025
2026-02-13 07:49:56 13	3.84	5.24	7.97	0.45	0.29	0.29	20.1	0.2	85.2	10	41.88	20.39	1.17	4.44	1.01	0.17	4.128	3.842	0.16	97	107	8.87	0.834	1.142	0.664	4.99	5.47	1	0.16	50.2	0	1	-0.04	3.9	0	50	47.7	49.7	0	0	0	5.7	0.6	0	1	0	0	0	0	1	0	0	1	0	1	0	0	0	0	0	0	1	0	1	0	0	0	0	0	31.1	-0.4	39.4	0.1	80	0.11	41.69027482	30.95376165525
2026-02-13 07:50:01 13	3.84	5.24	7.96	0.45	0.29	0.29	20.1	0.2	85.3	10	41.88	20.39	1.17	4.43	1.01	0.17	4.132	3.847	0.16	96	107	8.87	0.834	1.142	0.664	4.99	5.47	1	0.16	50.2	0	1	-0.04	3.9	0	50	47.7	49.7	0	0	0	5.8	0.6	0	1	0	0	0	0	1	0	0	1	0	1	0	0	0	0	0	0	1	0	1	0	0	0	0	0	31.1	-0.4	39.4	0.1	80	0.11	41.7736124433333	30.9551506159444
2026-02-13 07:50:06 13	3.84	5.24	7.97	0.45	0.3	0.3	20.1	0.2	85.3	10	41.88	20.39	1.18	4.44	1.01	0.17	4.134	3.844	0.16	96	107	8.87	0.834	1.142	0.664	4.98	5.47	1	0.16	50.3	0	1	-0.04	3.9	0	50	47.7	49.7	0	0	0	6	0.6	0	1	0	0	0	0	1	0	0	1	0	1	0	0	0	0	0	0	1	0	1	0	0	0	0	0	31.1	-0.4	39.4	0.1	80	0.11	41.8570263966667	30.9565408483889
2026-02-13 07:50:11 15	3.85	5.24	7.96	0.45	0.29	0.29	20.2	0.2	85.3	10	41.88	20.39	1.17	4.43	1.01	0.17	4.14	3.853	0.16	97	107	8.87	0.834	1.142	0.664	4.99	5.47	1	0.16	50.3	0	1	-0.04	3.9	0	50	47.7	49.7	0	0	0	6.1	0.6	0	1	0	0	0	0	1	0	0	1	0	1	0	0	0	0	0	0	1	0	1	0	0	0	0	0	31.1	-0.4	39.4	0.1	80	0.11	41.9406002683333	30.9579337449167
2026-02-13 07:50:16 16	3.84	5.24	7.96	0.45	0.29	0.29	20.1	0.2	85.3	10	41.88	20.39	1.18	4.45	1.01	0.17	4.137	3.85	0.16	96	107	8.87	0.834	1.142	0.664	4.99	5.47	1	0.16	50.3	0	1	-0.04	3.9	0	50	47.7	49.7	0	0	0	6.3	0.6	0	1	0	0	0	0	1	0	0	1	0	1	0	0	0	0	0	0	1	0	1	0	0	0	0	0	31.1	-0.4	39.4	0.1	80	0.11	42.024141155	30.9593260944167
2026-02-13 07:50:21 16	3.84	5.25	7.98	0.45	0.29	0.29	20.2	0.2	85.3	10	41.88	20.39	1.18	4.44	1.01	0.17	4.137	3.85	0.16	97	107	8.87	0.834	1.142	0.664	4.98	5.47	1	0.16	50.3	0	1	-0.04	4	0	50	47.7	49.7	0	0	0	6.5	0.6	0	1	0	0	0	0	1	0	0	1	0	1	0	0	0	0	0	0	1	0	1	0	0	0	0	0	31.1	-0.4	39.4	0.1	80	0.11	42.107533775	30.9607159714167
2026-02-13 07:50:26 17	3.84	5.25	7.97	0.45	0.3	0.3	20.2	0.2	85.3	10	41.88	20.39	1.18	4.44	1.01	0.17	4.134	3.846	0.16	96	107	8.87	0.834	1.142	0.664	4.98	5.47	1	0.16	50.3	0	1	-0.04	4	0	50	47.7	49.7	0	0	0	6.6	0.6	0	1	0	0	0	0	1	0	0	1	0	1	0	0	0	0	0	0	1	0	1	0	0	0	0	0	31.1	-0.4	39.4	0.1	80	0.11	42.19102677	30.9621075201389
2026-02-13 07:50:31 18	3.84	5.25	7.98	0.45	0.29	0.29	20.2	0.2	85.3	10	41.88	20.39	1.18	4.46	1.01	0.17	4.136	3.85	0.16	97	107	8.87	0.834	1.142	0.664	4.98	5.47	1	0.16	50.4	0	1	-0.04	4	0	50	47.7	49.7	0	0	0	6.8	0.6	0	1	0	0	0	0	1	0	0	1	0	1	0	0	0	0	0	0	1	0	1	0	0	0	0	0	31.1	-0.4	39.4	0.1	80	0.11	42.2744782633333	30.9634983796111
2026-02-13 07:50:36 18	3.85	5.24	7.97	0.45	0.3	0.3	20.2	0.2	85.3	10	41.84	20.35	1.18	4.45	1.01	0.17	4.142	3.851	0.16	97	107	8.87	0.834	1.142	0.664	4.98	5.47	1	0.16	50.4	0	1	-0.04	4	0	50	47.7	49.7	0	0	0	7	0.6	0	1	0	0	0	0	1	0	0	1	0	1	0	0	0	0	0	0	1	0	1	0	0	0	0	0	31.1	-0.4	39.4	0.1	80	0.11	42.35783654	30.9648876834167
2026-02-13 07:50:41 19	3.84	5.24	7.97	0.45	0.29	0.29	20.2	0.2	85.3	10	41.84	20.35	1.18	4.44	1.01	0.17	4.14	3.852	0.16	96	107	8.86	0.834	1.142	0.664	4.98	5.47	1	0.16	50.4	0	1	-0.04	3.9	0	50	47.7	49.7	0	0	0	7.1	0.6	0	1	0	0	0	0	1	0	0	1	0	1	0	0	0	0	0	0	1	0	1	0	0	0	0	0	31.1	-0.4	39.4	0.1	80	0.11	42.441377355	30.9662800308611
2026-02-13 07:50:46 20	3.85	5.25	7.97	0.45	0.29	0.29	20.2	0.2	85.3	10	41.84	20.35	1.18	4.43	1.01	0.17	4.141	3.854	0.16	97	107	8.86	0.834	1.142	0.664	4.98	5.47	1	0.16	50.4	0	1	-0.04	4	0	50	47.7	49.7	0	0	0	7.3	0.6	0	1	0	0	0	0	1	0	0	1	0	1	0	0	0	0	0	0	1	0	1	0	0	0	0	0	31.1	-0.4	39.4	0.1	80	0.11	42.52476894	30.9676698908333
2026-02-13 07:50:51 21	3.84	5.24	7.97	0.45	0.29	0.29	20.2	0.2	85.3	10	41.88	20.36	1.18	4.44	1.01	0.17	4.138	3.852	0.16	96	107	8.86	0.833	1.142	0.664	4.98	5.47	1	0.16	50.4	0	1	-0.04	4	0	50	47.7	49.7	0	0	0	7.5	0.6	0	1	0	0	0	0	1	0	0	1	0	1	0	0	0	0	0	0	1	0	1	0	0	0	0	0	31.1	-0.4	39.4	0.1	80	0.11	42.6082558083333	30.96906133775
2026-02-13 07:50:56 21	3.85	5.24	7.96	0.44	0.29	0.29	20.2	0.2	85.3	10	41.88	20.36	1.18	4.45	1.01	0.17	4.139	3.855	0.16	96	107	8.86	0.833	1.142	0.664	4.97	5.47	1	0.16	50.4	0	1	-0.04	4	0	50	47.7	49.7	0	0	0	7.7	0.6	0	1	0	0	0	0	1	0	0	1	0	1	0	0	0	0	0	0	1	0	1	0	0	0	0	0	31.1	-0.4	39.4	0.1	80	0.11	42.6915935733333	30.9704503012778
2026-02-13 07:51:01 21	3.85	5.25	7.98	0.45	0.3	0.3	20.2	0.2	85.3	10	41.84	20.31	1.18	4.44	1.01	0.17	4.143	3.855	0.16	96	107	8.86	0.833	1.142	0.664	4.97	5.47	1	0.16	50.4	0	1	-0.04	4	0	50	47.7	49.7	0	0	0	7.8	0.6	0	1	0	0	0	0	1	0	0	1	0	1	0	0	0	0	0	0	1	0	1	0	0	0	0	0	31.1	-0.4	39.4	0.1	80	0.11	42.77494433	30.9718394791667
2026-02-13 07:51:06 21	3.85	5.24	7.96	0.45	0.29	0.29	20.2	0.2	85.3	10	41.84	20.31	1.18	4.44	1.01	0.17	4.143	3.857	0.16	97	107	8.86	0.833	1.142	0.664	4.97	5.47	1	0.16	50.4	0	1	-0.04	4	0	50	47.7	49.7	0	0	0	8	0.6	0	1	0	0	0	0	1	0	0	1	0	1	0	0	0	0	0	0	1	0	1	0	0	0	0	0	31.1	-0.4	39.4	0.1	80	0.11	42.8583311316667	30.9732292606667
2026-02-13 07:51:11 22	3.84	5.26	7.99	0.45	0.29	0.29	20.2	0.2	85.3	10	41.86	20.31	1.18	4.44	1.01	0.17	4.139	3.852	0.16	96	107	8.86	0.833	1.142	0.664	4.97	5.47	1	0.16	50.4	0	1	-0.04	4	0	50	47.7	49.7	0	0	0	8.2	0.6	0	1	0	0	0	0	1	0	0	1	0	1	0	0	0	0	0	0	1	0	1	0	0	0	0	0	31.2	-0.4	39.4	0.1	80	0.11	42.9418479533333	30.9746212076667
2026-02-13 07:51:16 23	3.85	5.24	7.96	0.45	0.29	0.29	20.2	0.2	85.3	10	41.91	20.36	1.18	4.43	1.01	0.17	4.146	3.859	0.16	97	107	8.87	0.833	1.143	0.664	4.97	5.47	1	0.16	50.4	0	1	-0.04	4	0	50	47.7	49.7	0	0	0	8.4	0.6	0	1	0	0	0	0	1	0	0	1	0	1	0	0	0	0	0	0	1	0	1	0	0	0	0	0	31.2	-0.4	39.4	0.1	80	0.11	43.0252836083333	30.9760118019722
2026-02-13 07:51:21 24	3.85	5.25	7.98	0.45	0.29	0.29	20.2	0.2	85.3	10	41.91	20.36	1.18	4.46	1.01	0.17	4.143	3.856	0.16	96	107	8.87	0.833	1.143	0.664	4.96	5.47	1	0.16	50.4	0	1	-0.04	4	0	50	47.7	49.7	0	0	0	8.6	0.6	0	1	0	0	0	0	1	0	0	1	0	1	0	0	0	0	0	0	1	0	1	0	0	0	0	0	31.2	-0.4	39.4	0.1	80	0.11	43.1087360583333	30.9774026760833
2026-02-13 07:51:26 25	3.85	5.25	7.98	0.45	0.29	0.29	20.2	0.2	85.3	10	41.93	20.36	1.18	4.43	1.01	0.17	4.14	3.854	0.16	96	107	8.87	0.833	1.143	0.664	4.96	5.47	1	0.16	50.4	0	1	-0.04	4	0	50	47.7	49.7	0	0	0	8.8	0.6	0	1	0	0	0	0	1	0	0	1	0	1	0	0	0	0	0	0	1	0	1	0	0	0	0	0	31.2	-0.4	39.4	0.1	80	0.11	43.1923256933333	30.9787958356944
2026-02-13 07:51:31 25	3.85	5.25	7.97	0.45	0.29	0.29	20.2	0.2	85.3	10	41.9	20.31	1.18	4.43	1.01	0.17	4.143	3.858	0.16	97	107	8.87	0.833	1.143	0.664	4.96	5.47	1	0.16	50.4	0	1	-0.04	4	0	50	47.7	49.7	0	0	0	8.9	0.6	0	1	0	0	0	0	1	0	0	1	0	1	0	0	0	0	0	0	1	0	1	0	0	0	0	0	31.2	-0.4	39.4	0.1	80	0.11	43.2756619783333	30.98018477475
2026-02-13 07:51:36 26	3.85	5.25	7.98	0.45	0.29	0.29	20.2	0.2	85.3	10	41.9	20.31	1.18	4.45	1.01	0.17	4.143	3.856	0.16	97	107	8.87	0.833	1.143	0.664	4.96	5.47	1	0.16	50.4	0	1	-0.04	4	0	50	47.7	49.7	0	0	0	9.1	0.6	0	1	0	0	0	0	1	0	0	1	0	1	0	0	0	0	0	0	1	0	1	0	0	0	0	0	31.2	-0.4	39.4	0.1	80	0.11	43.3591487366667	30.9815762206389
2026-02-13 07:51:41 27	3.85	5.24	7.97	0.45	0.29	0.29	20.2	0.2	85.3	10	41.9	20.31	1.18	4.45	1.01	0.17	4.142	3.855	0.16	96	107	8.87	0.833	1.143	0.664	4.96	5.47	1	0.16	50.4	0	1	-0.04	4	0	50	47.7	49.7	0	0	0	9.3	0.6	0	1	0	0	0	0	1	0	0	1	0	1	0	0	0	0	0	0	1	0	1	0	0	0	0	0	31.2	-0.4	39.4	0.1	80	0.11	43.4426026	30.9829671183889
2026-02-13 07:51:46 27	3.85	5.24	7.96	0.45	0.29	0.29	20.2	0.2	85.3	10	41.9	20.31	1.18	4.44	1.01	0.17	4.144	3.859	0.16	97	107	8.87	0.833	1.143	0.664	4.96	5.47	1	0.16	50.5	0	1	-0.04	4	0	50	47.7	49.7	0	0	0	9.5	0.6	0	1	0	0	0	0	1	0	0	1	0	1	0	0	0	0	0	0	1	0	1	0	0	0	0	0	31.2	-0.4	39.4	0.1	80	0.11	43.5260200316667	30.9843574091389
2026-02-13 07:51:51 28	3.85	5.24	7.96	0.45	0.3	0.3	20.2	0.2	85.3	10	41.9	20.31	1.18	4.44	1.01	0.17	4.144	3.855	0.16	97	107	8.87	0.833	1.143	0.664	4.95	5.47	1	0.16	50.4	0	1	-0.04	4	0	50	47.7	49.7	0	0	0	9.7	0.6	0	1	0	0	0	0	1	0	0	1	0	1	0	0	0	0	0	0	1	0	1	0	0	0	0	0	31.2	-0.4	39.4	0.1	80	0.11	43.6094052683333	30.9857471628611
2026-02-13 07:51:56 29	3.85	5.25	7.98	0.45	0.29	0.29	20.2	0.2	85.4	10	41.9	20.31	1.18	4.44	1.01	0.17	4.143	3.857	0.16	97	107	8.87	0.833	1.143	0.664	4.95	5.47	1	0.16	50.5	0	1	-0.04	4	0	50	47.7	49.7	0	0	0	9.9	0.6	0	1	0	0	0	0	1	0	0	1	0	1	0	0	0	0	0	0	1	0	1	0	0	0	0	0	31.2	-0.4	39.4	0.1	80	0.11	43.692917935	30.9871390398889
2026-02-13 07:52:01 30	3.85	5.24	7.97	0.45	0.3	0.3	20.2	0.2	85.4	10	41.9	20.31	1.18	4.44	1.01	0.17	4.147	3.858	0.16	97	107	8.87	0.833	1.143	0.664	4.95	5.47	1	0.16	50.5	0	1	-0.04	3.9	0	50	47.7	49.7	0	0	0	10.1	0.6	0	1	0	0	0	0	1	0	0	1	0	1	0	0	0	0	0	0	1	0	1	0	0	0	0	0	31.2	-0.4	39.4	0.1	80	0.11	43.7764780966667	30.9885317094167
2026-02-13 07:52:06 31	3.86	5.24	7.96	0.45	0.29	0.29	20.2	0.2	85.4	10	41.9	20.31	1.18	4.44	1.01	0.17	4.152	3.865	0.16	97	107	8.87	0.833	1.143	0.664	4.95	5.47	1	0.16	50.5	0	1	-0.04	4	0	50	47.7	49.7	0	0	0	10.3	0.6	0	1	0	0	0	0	1	0	0	1	0	1	0	0	0	0	0	0	1	0	1	0	0	0	0	0	31.2	-0.4	39.4	0.1	80	0.11	43.85993129	30.9899225966667
2026-02-13 07:52:11 31	3.85	5.24	7.97	0.44	0.29	0.29	20.2	0.2	85.3	10	41.9	20.31	1.18	4.44	1.01	0.17	4.142	3.858	0.16	96	107	8.86	0.833	1.143	0.664	4.94	5.47	1	0.16	50.5	0	1	-0.04	4	0	50	47.7	49.7	0	0	0	10.5	0.6	0	1	0	0	0	0	1	0	0	1	0	1	0	0	0	0	0	0	1	0	1	0	0	0	0	0	31.2	-0.4	39.4	0.1	80	0.11	43.943385245	30.9913134947778
2026-02-13 07:52:16 32	3.85	5.24	7.97	0.45	0.29	0.29	20.1	0.2	85.3	10	41.9	20.31	1.18	4.44	1.01	0.17	4.146	3.859	0.16	97	107	8.86	0.833	1.143	0.664	4.94	5.47	1	0.16	50.5	0	1	-0.04	3.9	0	50	47.7	49.7	0	0	0	10.7	0.6	0	1	0	0	0	0	1	0	0	1	0	1	0	0	0	0	0	0	1	0	1	0	0	0	0	0	31.2	-0.4	39.4	0.1	80	0.11	44.0267388783333	30.9927027224167
2026-02-13 07:52:21 32	3.85	5.25	7.98	0.45	0.29	0.29	20.2	0.2	85.3	10	41.9	20.31	1.18	4.43	1.01	0.17	4.145	3.857	0.16	97	107	8.86	0.833	1.143	0.664	4.94	5.47	1	0.16	50.5	0	1	-0.04	4	0	50	47.7	49.7	0	0	0	10.9	0.6	0	1	0	0	0	0	1	0	0	1	0	1	0	0	0	0	0	0	1	0	1	0	0	0	0	0	31.2	-0.4	39.4	0.1	80	0.11	44.1101532366667	30.9940929623611
2026-02-13 07:52:26 33	3.85	5.23	7.96	0.45	0.29	0.29	20.1	0.2	85.3	10	41.9	20.31	1.18	4.43	1.01	0.17	4.147	3.859	0.16	96	107	8.86	0.833	1.143	0.664	4.94	5.47	1	0.16	50.5	0	1	-0.04	4	0	50	47.7	49.7	0	0	0	11.1	0.6	0	1	0	0	0	0	1	0	0	1	0	1	0	0	0	0	0	0	1	0	1	0	0	0	0	0	31.2	-0.4	39.4	0.1	80	0.11	44.1936426783333	30.9954844529722
2026-02-13 07:52:31 33	3.85	5.24	7.98	0.45	0.29	0.29	20.2	0.2	85.4	10	41.9	20.31	1.18	4.45	1.01	0.17	4.146	3.859	0.16	96	107	8.86	0.833	1.143	0.664	4.94	5.47	1	0.16	50.5	0	1	-0.04	4	0	50	47.7	49.7	0	0	0	11.3	0.6	0	1	0	0	0	0	1	0	0	1	0	1	0	0	0	0	0	0	1	0	1	0	0	0	0	0	31.2	-0.4	39.4	0.1	80	0.11	44.2769891766667	30.9968735613889
2026-02-13 07:52:36 34	3.84	5.25	7.98	0.45	0.3	0.3	20.2	0.2	84.3	10	41.92	20.31	1.19	4.46	1.01	0.19	4.137	3.847	0.16	97	107	8.86	0.833	1.143	0.664	4.94	5.47	1	0.16	50.3	0	1	-0.04	3.9	0	50	47.7	49.7	0	0	0	11	0.6	0	1	0	0	0	0	1	0	0	1	0	1	0	0	0	0	0	0	1	0	1	0	0	0	0	0	31.2	-0.4	39.4	0.1	80	0.11	44.3604645383333	30.9982648169167
2026-02-13 07:52:41 35	3.82	5.25	7.98	0.44	0.29	0.29	20.1	0.2	84.1	10	41.89	20.23	1.18	4.44	1	0.19	4.115	3.831	0.16	96	107	8.86	0.833	1.143	0.664	4.93	5.47	1	0.16	50	0	1	-0.04	3.8	0	50	47.7	49.7	0	0	0	10.3	0.6	0	1	0	0	0	0	1	0	0	1	0	1	0	0	0	0	0	0	1	0	1	0	0	0	0	0	31.2	-0.4	39.4	0.1	80	0.11	44.4439112066667	30.9996555940556
2026-02-13 07:52:46 35	3.82	5.24	7.97	0.45	0.29	0.29	20	0.2	84.1	10	41.89	20.2	1.18	4.44	1	0.19	4.109	3.823	0.16	96	107	8.86	0.833	1.143	0.664	4.93	5.47	1	0.16	49.8	0	1	-0.04	3.9	0	50	47.7	49.7	0	0	0	9.6	0.6	0	1	0	0	0	0	1	0	0	1	0	1	0	0	0	0	0	0	1	0	1	0	0	0	0	0	31.2	-0.4	39.4	0.1	80	0.11	44.5273515116667	31.0010462668611
2026-02-13 07:52:51 36	3.81	5.24	7.97	0.45	0.29	0.29	20	0.2	84.1	10	41.89	20.2	1.18	4.43	1	0.19	4.103	3.816	0.16	97	107	8.87	0.833	1.143	0.664	4.93	5.47	1	0.16	49.7	0	1	-0.04	3.9	0	50	47.7	49.7	0	0	0	8.8	0.6	0	1	0	0	0	0	1	0	0	1	0	1	0	0	0	0	0	0	1	0	1	0	0	0	0	0	31.2	-0.4	39.4	0.1	80	0.11	44.6108085983333	31.0024372182778
2026-02-13 07:52:56 36	3.8	5.24	7.97	0.45	0.29	0.29	19.9	0.2	84.1	10	41.89	20.2	1.18	4.45	1	0.19	4.097	3.811	0.16	96	107	8.87	0.833	1.143	0.664	4.93	5.47	1	0.16	49.6	0	1	-0.04	3.9	0	50	47.7	49.7	0	0	0	8	0.6	0	1	0	0	0	0	1	0	0	1	0	1	0	0	0	0	0	0	1	0	1	0	0	0	0	0	31.2	-0.4	39.4	0.1	80	0.11	44.69416756	31.0038265339722
2026-02-13 07:53:01 36	3.8	5.23	7.95	0.45	0.29	0.29	19.9	0.2	84.1	10	41.89	20.2	1.18	4.44	0.99	0.19	4.096	3.809	0.16	97	107	8.87	0.833	1.143	0.664	4.93	5.47	1	0.16	49.5	0	1	-0.04	3.9	0	50	47.7	49.7	0	0	0	7.2	0.6	0	1	0	0	0	0	1	0	0	1	0	1	0	0	0	0	0	0	1	0	1	0	0	0	0	0	31.2	-0.4	39.4	0.1	80	0.11	44.7775017516667	31.0052154374722
2026-02-13 07:53:06 36	3.8	5.24	7.98	0.45	0.29	0.29	19.9	0.2	84.1	10	41.92	20.2	1.18	4.44	1	0.19	4.091	3.805	0.16	96	107	8.87	0.833	1.144	0.664	4.93	5.47	1	0.16	49.5	0	1	-0.04	3.9	0	50	47.7	49.7	0	0	0	6.4	0.6	0	1	0	0	0	0	1	0	0	1	0	1	0	0	0	0	0	0	1	0	1	0	0	0	0	0	31.2	-0.4	39.4	0.1	80	0.11	44.8608486866667	31.0066045523333
2026-02-13 07:53:11 36	3.8	5.24	7.97	0.45	0.29	0.29	19.9	0.2	84.1	10	41.92	20.2	1.18	4.45	1	0.19	4.094	3.805	0.16	97	107	8.87	0.833	1.144	0.664	4.92	5.46	1	0.16	49.5	0	1	-0.04	3.9	0	50	47.7	49.7	0	0	0	5.7	0.6	0	1	0	0	0	0	1	0	0	1	0	1	0	0	0	0	0	0	1	0	1	0	0	0	0	0	31.2	-0.4	39.4	0.1	80	0.11	44.9441964983333	31.0079936830556
2026-02-13 07:53:16 37	3.8	5.23	7.97	0.45	0.29	0.29	19.9	0.2	84.6	10	41.92	20.2	1.17	4.45	1	0.18	4.095	3.809	0.16	97	107	8.87	0.833	1.144	0.664	4.92	5.44	1	0.15	49.5	0	1	-0.04	3.9	0	50	47.7	49.7	0	0	0	5	0.6	0	1	0	0	0	0	1	0	0	1	0	1	0	0	0	0	0	0	1	0	1	0	0	0	0	0	31.2	-0.4	39.4	0.1	80	0.11	45.0276284283333	31.0093842128611
2026-02-13 07:53:21 38	3.82	5.24	7.97	0.45	0.29	0.29	20	0.2	85.2	10	41.92	20.2	1.17	4.43	1	0.17	4.112	3.826	0.16	97	107	8.87	0.833	1.144	0.664	4.92	5.44	1	0.15	49.8	0	1	-0.04	3.9	0	50	47.7	49.7	0	0	0	5.1	0.6	0	1	0	0	0	0	1	0	0	1	0	1	0	0	0	0	0	0	1	0	1	0	0	0	0	0	31.2	-0.4	39.4	0.1	80	0.11	45.1110702716667	31.0107749128611
2026-02-13 07:53:26 38	3.83	5.24	7.98	0.45	0.29	0.29	20.1	0.2	85.3	10	41.92	20.2	1.17	4.44	1	0.17	4.12	3.834	0.16	97	107	8.87	0.833	1.144	0.664	4.92	5.44	1	0.16	50	0	1	-0.04	3.9	0	50	47.7	49.7	0	0	0	5.3	0.6	0	1	0	0	0	0	1	0	0	1	0	1	0	0	0	0	0	0	1	0	1	0	0	0	0	0	31.2	-0.4	39.4	0.1	80	0.11	45.194418935	31.0121640573333
2026-02-13 07:53:31 38	3.84	5.24	7.97	0.45	0.29	0.29	20.1	0.2	85.3	10	41.89	20.16	1.17	4.43	1	0.17	4.135	3.846	0.16	97	107	8.87	0.833	1.144	0.665	4.92	5.44	1	0.16	50.2	0	1	-0.04	4	0	50	47.7	49.7	0	0	0	5.5	0.6	0	1	0	0	0	0	1	0	0	1	0	1	0	0	0	0	0	0	1	0	1	0	0	0	0	0	31.2	-0.4	39.4	0.1	80	0.11	45.2778595183333	31.013554733
2026-02-13 07:53:36 39	3.84	5.24	7.97	0.45	0.29	0.29	20.1	0.2	85.3	10	41.89	20.19	1.18	4.44	1.01	0.17	4.135	3.848	0.16	96	107	8.87	0.833	1.144	0.665	4.91	5.44	1	0.16	50.3	0	1	-0.04	4	0	50	47.7	49.7	0	0	0	5.7	0.6	0	1	0	0	0	0	1	0	0	1	0	1	0	0	0	0	0	0	1	0	1	0	0	0	0	0	31.2	-0.4	39.4	0.1	80	0.11	45.3613407366667	31.0149460873056
2026-02-13 07:53:41 39	3.85	5.23	7.97	0.44	0.29	0.29	20.1	0.2	85.3	10	41.89	20.19	1.17	4.44	1.01	0.17	4.141	3.855	0.16	97	107	8.87	0.833	1.144	0.665	4.91	5.44	1	0.16	50.4	0	1	-0.04	4	0	50	47.7	49.7	0	0	0	5.8	0.6	0	1	0	0	0	0	1	0	0	1	0	1	0	0	0	0	0	0	1	0	1	0	0	0	0	0	31.2	-0.4	39.4	0.1	80	0.11	45.444669155	31.0163348939722
